First Name,Last Name,Email Address,Address,Phone,What do you like to grow?,Tags,Birthday
Georgia,Moyes,GeorgiaMoyes@jourrapide.com,,,,,
Stella,Kirkwood,StellaKirkwood@teleworm.us,,,,,
Amelia,Bicheno,AmeliaBicheno@dayrep.com,,,,,
Abigail,Metcalfe,AbigailMetcalfe@rhyta.com,,,,,
Flynn,Farber,FlynnFarber@superrito.com,,,,,
Layla,Timperley,LaylaTimperley@armyspy.com,,,,,
Oliver,Winneke,OliverWinneke@rhyta.com,,,,,
Eliza,Buley,ElizaBuley@dayrep.com,,,,,
Zachary,Schneider,ZacharySchneider@einrot.com,,,,,
Jackson,Macintosh,JacksonMacintosh@rhyta.com,,,,,
Jett,Huffer,JettHuffer@einrot.com,,,,,
Rose,Duhig,RoseDuhig@superrito.com,,,,,
Ali,Frank,AliFrank@gustr.com,,,,,
Rebecca,Zwar,RebeccaZwar@superrito.com,,,,,
Jordan,Burnett,JordanBurnett@fleckens.hu,,,,,
Madeline,Gadsdon,MadelineGadsdon@dayrep.com,,,,,
Hamish,Pohlman,HamishPohlman@superrito.com,,,,,
Patrick,Pittman,PatrickPittman@superrito.com,,,,,
Lucas,Lansell,LucasLansell@fleckens.hu,,,,,
Indiana,Sinclair-Maclagan,IndianaSinclair-Maclagan@fleckens.hu,,,,,
Sarah,Hennings,SarahHennings@fleckens.hu,,,,,
Mackenzie,Macfarlan,MackenzieMacfarlan@jourrapide.com,,,,,
Laura,McKinney,LauraMcKinney@gustr.com,,,,,
Connor,Strutt,ConnorStrutt@armyspy.com,,,,,
Audrey,Robert,AudreyRobert@teleworm.us,,,,,
Jaxon,Haigh,JaxonHaigh@dayrep.com,,,,,
Phoebe,Graham,PhoebeGraham@jourrapide.com,,,,,
Mason,Roemer,MasonRoemer@einrot.com,,,,,
Taj,Patten,TajPatten@cuvox.de,,,,,
Eve,Bowling,EveBowling@einrot.com,,,,,
Levi,Stott,LeviStott@dayrep.com,,,,,
Brodie,Pamphlett,BrodiePamphlett@fleckens.hu,,,,,
Erin,Eggleston,ErinEggleston@armyspy.com,,,,,
Jordan,Caffyn,JordanCaffyn@cuvox.de,,,,,
Maddison,Shann,MaddisonShann@einrot.com,,,,,
Marcus,Cooke,MarcusCooke@fleckens.hu,,,,,
Noah,Lowin,NoahLowin@jourrapide.com,,,,,
Jayden,Walch,JaydenWalch@teleworm.us,,,,,
James,Korff,JamesKorff@rhyta.com,,,,,
Christopher,Kintore,ChristopherKintore@dayrep.com,,,,,
Archer,Octoman,ArcherOctoman@jourrapide.com,,,,,
Kaitlyn,Curtis,KaitlynCurtis@rhyta.com,,,,,
Claudia,Tuckett,ClaudiaTuckett@jourrapide.com,,,,,
Luke,Puddy,LukePuddy@dayrep.com,,,,,
Jade,Wettenhall,JadeWettenhall@einrot.com,,,,,
Joel,Unaipon,JoelUnaipon@armyspy.com,,,,,
Amelia,Weigall,AmeliaWeigall@armyspy.com,,,,,
Alana,Flowers,AlanaFlowers@teleworm.us,,,,,
Mitchell,Catalan,MitchellCatalan@jourrapide.com,,,,,
Amelie,Bates,AmelieBates@rhyta.com,,,,,
Darcy,Denison,DarcyDenison@superrito.com,,,,,
Darcy,Mountford,DarcyMountford@cuvox.de,,,,,
Oliver,Metters,OliverMetters@superrito.com,,,,,
Alexandra,Brett,AlexandraBrett@cuvox.de,,,,,
Thomas,Brifman,ThomasBrifman@fleckens.hu,,,,,
Stephanie,Wolfe,StephanieWolfe@teleworm.us,,,,,
Kayla,Maruff,KaylaMaruff@teleworm.us,,,,,
Isla,MacRory,IslaMacRory@cuvox.de,,,,,
Lachlan,McNicoll,LachlanMcNicoll@teleworm.us,,,,,
Rachel,Rees,RachelRees@superrito.com,,,,,
Alexandra,Kingsbury,AlexandraKingsbury@cuvox.de,,,,,
Ella,Leeson,EllaLeeson@dayrep.com,,,,,
Austin,Seabrook,AustinSeabrook@cuvox.de,,,,,
Abbey,Douglass,AbbeyDouglass@teleworm.us,,,,,
Jaxon,Sinclair,JaxonSinclair@dayrep.com,,,,,
Marcus,Ritchie,MarcusRitchie@teleworm.us,,,,,
Lachlan,Coppleson,LachlanCoppleson@teleworm.us,,,,,
Maya,Booth,MayaBooth@fleckens.hu,,,,,
Lucy,Vida,LucyVida@dayrep.com,,,,,
Christian,Algeranoff,ChristianAlgeranoff@dayrep.com,,,,,
Nate,Breillat,NateBreillat@dayrep.com,,,,,
Jamie,Finsch,JamieFinsch@einrot.com,,,,,
Mitchell,Conrick,MitchellConrick@jourrapide.com,,,,,
Alex,Chan,AlexChan@cuvox.de,,,,,
Timothy,Tufnell,TimothyTufnell@superrito.com,,,,,
Jack,Elder,JackElder@jourrapide.com,,,,,
Georgia,Uther,GeorgiaUther@rhyta.com,,,,,
John,McGowan,JohnMcGowan@jourrapide.com,,,,,
Alica,Moss,AlicaMoss@teleworm.us,,,,,
Jamie,Chave,JamieChave@superrito.com,,,,,
Alex,Cook,AlexCook@gustr.com,,,,,
Ashton,Loureiro,AshtonLoureiro@fleckens.hu,,,,,
Anthony,Noack,AnthonyNoack@dayrep.com,,,,,
Alice,McCaughey,AliceMcCaughey@cuvox.de,,,,,
Paige,Krichauff,PaigeKrichauff@dayrep.com,,,,,
Nicholas,Simonds,NicholasSimonds@gustr.com,,,,,
Jeremy,Benjamin,JeremyBenjamin@gustr.com,,,,,
Anna,Lambrick,AnnaLambrick@einrot.com,,,,,
Elizabeth,Borchgrevink,ElizabethBorchgrevink@rhyta.com,,,,,
Jonathan,Fyans,JonathanFyans@einrot.com,,,,,
Elijah,Wylde,ElijahWylde@armyspy.com,,,,,
Mikayla,Buring,MikaylaBuring@rhyta.com,,,,,
Mariam,Barrington,MariamBarrington@gustr.com,,,,,
Mackenzie,Wagstaff,MackenzieWagstaff@dayrep.com,,,,,
Aiden,Bath,AidenBath@rhyta.com,,,,,
Mitchell,Watkins,MitchellWatkins@cuvox.de,,,,,
Aiden,Carslaw,AidenCarslaw@rhyta.com,,,,,
Jaxon,Agostini,JaxonAgostini@teleworm.us,,,,,
John,Boniwell,JohnBoniwell@gustr.com,,,,,
Ben,Pottinger,BenPottinger@dayrep.com,,,,,
Angus,Kincaid,AngusKincaid@teleworm.us,,,,,
Mitchell,Handt,MitchellHandt@dayrep.com,,,,,
Finn,Del Fabbro,FinnDelFabbro@jourrapide.com,,,,,
Isabella,Whatmore,IsabellaWhatmore@rhyta.com,,,,,
Hayden,Chauncy,HaydenChauncy@fleckens.hu,,,,,
Hugo,De Mole,HugoDeMole@dayrep.com,,,,,
Henry,Torrens,HenryTorrens@dayrep.com,,,,,
Jesse,Sheridan,JesseSheridan@einrot.com,,,,,
Austin,Nan,AustinNan@armyspy.com,,,,,
Jacob,Watts,JacobWatts@gustr.com,,,,,
Hayley,Prendiville,HayleyPrendiville@armyspy.com,,,,,
Will,Clibborn,WillClibborn@einrot.com,,,,,
Rachel,Eleanor,RachelEleanor@jourrapide.com,,,,,
Tyler,Garvan,TylerGarvan@fleckens.hu,,,,,
Callum,Blaubaum,CallumBlaubaum@armyspy.com,,,,,
Eden,McWilliams,EdenMcWilliams@gustr.com,,,,,
Ryan,Alison,RyanAlison@jourrapide.com,,,,,
Harry,Kidman,HarryKidman@superrito.com,,,,,
Ruby,Tilley,RubyTilley@superrito.com,,,,,
Seth,Yagan,SethYagan@jourrapide.com,,,,,
Gabriella,Trout,GabriellaTrout@gustr.com,,,,,
Mikayla,Leibius,MikaylaLeibius@teleworm.us,,,,,
Blake,Coughlan,BlakeCoughlan@cuvox.de,,,,,
Jesse,Goloubev,JesseGoloubev@gustr.com,,,,,
Rory,Martel,RoryMartel@superrito.com,,,,,
Aidan,McGowan,AidanMcGowan@gustr.com,,,,,
Mikayla,Penfold,MikaylaPenfold@cuvox.de,,,,,
Mary,Faulding,MaryFaulding@einrot.com,,,,,
Sam,Quinn,SamQuinn@teleworm.us,,,,,
Benjamin,Clemes,BenjaminClemes@teleworm.us,,,,,
Dylan,Chomley,DylanChomley@armyspy.com,,,,,
Ali,Bride,AliBride@fleckens.hu,,,,,
Flynn,Birnie,FlynnBirnie@einrot.com,,,,,
Ben,Appel,BenAppel@gustr.com,,,,,
Alyssa,Lorenzini,AlyssaLorenzini@einrot.com,,,,,
Declan,Hook,DeclanHook@armyspy.com,,,,,
Michael,Hillgrove,MichaelHillgrove@rhyta.com,,,,,
Ruby,Lightfoot,RubyLightfoot@teleworm.us,,,,,
Connor,Herz,ConnorHerz@armyspy.com,,,,,
Sam,Garsia,SamGarsia@teleworm.us,,,,,
Amelia,Le Messurier,AmeliaLeMessurier@gustr.com,,,,,
Dylan,Bellasis,DylanBellasis@dayrep.com,,,,,
Dominic,Edmond,DominicEdmond@armyspy.com,,,,,
Samantha,Hixson,SamanthaHixson@cuvox.de,,,,,
Olivia,Leibius,OliviaLeibius@cuvox.de,,,,,
Emily,Bancroft,EmilyBancroft@gustr.com,,,,,
Molly,Lilley,MollyLilley@einrot.com,,,,,
Lilly,Le Couteur,LillyLeCouteur@teleworm.us,,,,,
Owen,Comino,OwenComino@rhyta.com,,,,,
Austin,McGaw,AustinMcGaw@superrito.com,,,,,
Ashton,Newton,AshtonNewton@armyspy.com,,,,,
Joel,Lewis,JoelLewis@einrot.com,,,,,
Tyler,Wollstonecraft,TylerWollstonecraft@cuvox.de,,,,,
Elijah,Leighton,ElijahLeighton@teleworm.us,,,,,
Phoebe,Sodersten,PhoebeSodersten@armyspy.com,,,,,
Elijah,Kelleher,ElijahKelleher@rhyta.com,,,,,
Archer,McConachy,ArcherMcConachy@dayrep.com,,,,,
Michael,Butts,MichaelButts@cuvox.de,,,,,
Edward,Kotai,EdwardKotai@gustr.com,,,,,
Connor,Perkin,ConnorPerkin@einrot.com,,,,,
Mia,Gormanston,MiaGormanston@teleworm.us,,,,,
Piper,Heritage,PiperHeritage@dayrep.com,,,,,
Marcus,Butlin,MarcusButlin@superrito.com,,,,,
Christian,Hanger,ChristianHanger@armyspy.com,,,,,
Lola,Goldberg,LolaGoldberg@einrot.com,,,,,
Edward,Dadson,EdwardDadson@superrito.com,,,,,
Alice,Denton,AliceDenton@cuvox.de,,,,,
Kiara,De Burgh,KiaraDeBurgh@rhyta.com,,,,,
Samuel,Lennon,SamuelLennon@teleworm.us,,,,,
Phoebe,Walch,PhoebeWalch@armyspy.com,,,,,
Ashton,Bee,AshtonBee@jourrapide.com,,,,,
Ashton,Chave,AshtonChave@jourrapide.com,,,,,
Indiana,Osburn,IndianaOsburn@fleckens.hu,,,,,
Matilda,Pownall,MatildaPownall@einrot.com,,,,,
Milla,Kinchela,MillaKinchela@teleworm.us,,,,,
Charles,Sconce,CharlesSconce@teleworm.us,,,,,
Amber,Nibbi,AmberNibbi@dayrep.com,,,,,
Isabel,Latham,IsabelLatham@rhyta.com,,,,,
Riley,Haynes,RileyHaynes@superrito.com,,,,,
Gabriella,Sodersten,GabriellaSodersten@fleckens.hu,,,,,
Alyssa,Hatfield,AlyssaHatfield@dayrep.com,,,,,
Sienna,Paling,SiennaPaling@cuvox.de,,,,,
Ava,Cazneaux,AvaCazneaux@armyspy.com,,,,,
Alexis,Sleigh,AlexisSleigh@fleckens.hu,,,,,
David,Dutton,DavidDutton@jourrapide.com,,,,,
Caitlin,Higinbotham,CaitlinHiginbotham@fleckens.hu,,,,,
Brooke,Dodery,BrookeDodery@rhyta.com,,,,,
Austin,Tewksbury,AustinTewksbury@cuvox.de,,,,,
Alexandra,Dolling,AlexandraDolling@teleworm.us,,,,,
Jai,Johann,JaiJohann@superrito.com,,,,,
Alice,Coates,AliceCoates@superrito.com,,,,,
Indiana,Moffitt,IndianaMoffitt@armyspy.com,,,,,
Chloe,Gadsdon,ChloeGadsdon@armyspy.com,,,,,
Bethany,Imlay,BethanyImlay@gustr.com,,,,,
Rebecca,Halligan,RebeccaHalligan@superrito.com,,,,,
Cody,Hoysted,CodyHoysted@gustr.com,,,,,
Chelsea,Howden,ChelseaHowden@fleckens.hu,,,,,
Grace,Blackett,GraceBlackett@gustr.com,,,,,
Michael,Gormanston,MichaelGormanston@jourrapide.com,,,,,
Piper,Dietrich,PiperDietrich@superrito.com,,,,,
Caitlyn,Bidmead,CaitlynBidmead@jourrapide.com,,,,,
Anna,Swift,AnnaSwift@armyspy.com,,,,,
Riley,Rolph,RileyRolph@teleworm.us,,,,,
Jesse,Ashton,JesseAshton@gustr.com,,,,,
Isaac,Tanner,IsaacTanner@einrot.com,,,,,
Sebastian,Macleod,SebastianMacleod@jourrapide.com,,,,,
Charlie,Maloney,CharlieMaloney@rhyta.com,,,,,
Isla,Chinner,IslaChinner@armyspy.com,,,,,
Madeline,Halpern,MadelineHalpern@gustr.com,,,,,
Anna,Shenton,AnnaShenton@fleckens.hu,,,,,
Riley,Darker,RileyDarker@armyspy.com,,,,,
Archer,Withnell,ArcherWithnell@teleworm.us,,,,,
Abbey,Gilles,AbbeyGilles@cuvox.de,,,,,
Joel,Onus,JoelOnus@gustr.com,,,,,
Archer,Bryant,ArcherBryant@jourrapide.com,,,,,
Ella,Fairbridge,EllaFairbridge@gustr.com,,,,,
Tristan,Proctor,TristanProctor@superrito.com,,,,,
Makayla,Mahony,MakaylaMahony@dayrep.com,,,,,
Tristan,Finch,TristanFinch@superrito.com,,,,,
Elijah,Schneider,ElijahSchneider@cuvox.de,,,,,
Evie,Duigan,EvieDuigan@dayrep.com,,,,,
John,Lombard,JohnLombard@fleckens.hu,,,,,
Katie,Singh,KatieSingh@teleworm.us,,,,,
Sam,McKerihan,SamMcKerihan@gustr.com,,,,,
Ethan,Mundy,EthanMundy@superrito.com,,,,,
Tristan,Power,TristanPower@armyspy.com,,,,,
Kiara,Holder,KiaraHolder@fleckens.hu,,,,,
Nate,Ireland,NateIreland@einrot.com,,,,,
Cooper,Wilhelm,CooperWilhelm@armyspy.com,,,,,
Finn,Thatcher,FinnThatcher@cuvox.de,,,,,
Beau,Philp,BeauPhilp@superrito.com,,,,,
Stella,Keen,StellaKeen@einrot.com,,,,,
Brooke,Byrnes,BrookeByrnes@dayrep.com,,,,,
Claire,Holtze,ClaireHoltze@einrot.com,,,,,
Audrey,Rudd,AudreyRudd@fleckens.hu,,,,,
Adam,Johnstone,AdamJohnstone@jourrapide.com,,,,,
Annabelle,Spargo,AnnabelleSpargo@gustr.com,,,,,
Maya,Perivolaris,MayaPerivolaris@einrot.com,,,,,
Isla,Porteous,IslaPorteous@gustr.com,,,,,
Eliza,Packer,ElizaPacker@armyspy.com,,,,,
Luca,Waugh,LucaWaugh@einrot.com,,,,,
Callum,Stawell,CallumStawell@einrot.com,,,,,
Alice,Rouse,AliceRouse@armyspy.com,,,,,
Laura,Teresa,LauraTeresa@dayrep.com,,,,,
Christopher,Mattingley,ChristopherMattingley@fleckens.hu,,,,,
Lilly,Rivers,LillyRivers@fleckens.hu,,,,,
Maya,Cumberlege,MayaCumberlege@fleckens.hu,,,,,
Piper,Jacka,PiperJacka@rhyta.com,,,,,
Sienna,Butler,SiennaButler@jourrapide.com,,,,,
Zoe,Moubray,ZoeMoubray@einrot.com,,,,,
Indiana,Fennescey,IndianaFennescey@rhyta.com,,,,,
Alicia,Gisborne,AliciaGisborne@dayrep.com,,,,,
Sophia,Selby,SophiaSelby@dayrep.com,,,,,
Levi,Moreno,LeviMoreno@dayrep.com,,,,,
Oliver,Atkinson,OliverAtkinson@jourrapide.com,,,,,
Jorja,Thurgood,JorjaThurgood@jourrapide.com,,,,,
Hugo,Gresham,HugoGresham@fleckens.hu,,,,,
Will,Cartwright,WillCartwright@armyspy.com,,,,,
Aaron,Zwar,AaronZwar@armyspy.com,,,,,
Joshua,Del Fabbro,JoshuaDelFabbro@teleworm.us,,,,,
Amber,Carlile,AmberCarlile@cuvox.de,,,,,
Ebony,Dash,EbonyDash@einrot.com,,,,,
Tyson,Emery,TysonEmery@teleworm.us,,,,,
Audrey,Macknight,AudreyMacknight@jourrapide.com,,,,,
Amelie,Swallow,AmelieSwallow@superrito.com,,,,,
Ruby,Picton,RubyPicton@rhyta.com,,,,,
Bailey,Ramsay,BaileyRamsay@cuvox.de,,,,,
Liam,Hardess,LiamHardess@rhyta.com,,,,,
Angelina,Dumas,AngelinaDumas@gustr.com,,,,,
Jasper,Kater,JasperKater@gustr.com,,,,,
Dean,Jarman,DeanJarman@einrot.com,,,,,
Mariam,Rooke,MariamRooke@superrito.com,,,,,
Victoria,Styles,VictoriaStyles@armyspy.com,,,,,
Jacob,Curry,JacobCurry@armyspy.com,,,,,
Hudson,Stott,HudsonStott@superrito.com,,,,,
Madison,Howitt,MadisonHowitt@gustr.com,,,,,
Nicholas,Pridham,NicholasPridham@armyspy.com,,,,,
Logan,Ackland,LoganAckland@fleckens.hu,,,,,
Tyler,Kingsley,TylerKingsley@dayrep.com,,,,,
Abbey,Carruthers,AbbeyCarruthers@superrito.com,,,,,
Timothy,Heron,TimothyHeron@dayrep.com,,,,,
Will,Philip,WillPhilip@superrito.com,,,,,
Zachary,Draper,ZacharyDraper@einrot.com,,,,,
Stella,Westmacott,StellaWestmacott@superrito.com,,,,,
Adam,Dunbar,AdamDunbar@jourrapide.com,,,,,
Isabelle,Hindmarsh,IsabelleHindmarsh@rhyta.com,,,,,
Eden,Plowman,EdenPlowman@teleworm.us,,,,,
Mikayla,Greenup,MikaylaGreenup@fleckens.hu,,,,,
Brock,Coughlan,BrockCoughlan@jourrapide.com,,,,,
Isabelle,Riddoch,IsabelleRiddoch@superrito.com,,,,,
Claire,Hartley,ClaireHartley@jourrapide.com,,,,,
Brock,Cato,BrockCato@cuvox.de,,,,,
Emily,Faithfull,EmilyFaithfull@jourrapide.com,,,,,
James,Poulson,JamesPoulson@rhyta.com,,,,,
Harry,Fredricksen,HarryFredricksen@rhyta.com,,,,,
Dakota,Akehurst,DakotaAkehurst@superrito.com,,,,,
Alice,Cawthorn,AliceCawthorn@superrito.com,,,,,
William,Fitzpatrick,WilliamFitzpatrick@teleworm.us,,,,,
Connor,Herring,ConnorHerring@superrito.com,,,,,
Eliza,Benjamin,ElizaBenjamin@fleckens.hu,,,,,
Abbey,Masson,AbbeyMasson@gustr.com,,,,,
Mikayla,Ingham,MikaylaIngham@teleworm.us,,,,,
Zane,Lyell,ZaneLyell@einrot.com,,,,,
Amy,Tyson,AmyTyson@einrot.com,,,,,
Charlie,Fernie,CharlieFernie@fleckens.hu,,,,,
Jacob,Bejah,JacobBejah@rhyta.com,,,,,
Sarah,Irwin,SarahIrwin@rhyta.com,,,,,
Tyler,Walling,TylerWalling@fleckens.hu,,,,,
Zoe,Rubbo,ZoeRubbo@rhyta.com,,,,,
David,Lording,DavidLording@teleworm.us,,,,,
Zoe,Laidlaw,ZoeLaidlaw@superrito.com,,,,,
Spencer,Waley,SpencerWaley@cuvox.de,,,,,
Makayla,Montez,MakaylaMontez@armyspy.com,,,,,
Joshua,Carne,JoshuaCarne@armyspy.com,,,,,
Jayden,Chave,JaydenChave@fleckens.hu,,,,,
Jaxon,Waley,JaxonWaley@rhyta.com,,,,,
Mia,Witt,MiaWitt@cuvox.de,,,,,
Alexander,Conlon,AlexanderConlon@cuvox.de,,,,,
Alyssa,Embling,AlyssaEmbling@superrito.com,,,,,
Caleb,Corlis,CalebCorlis@fleckens.hu,,,,,
Rory,Younger,RoryYounger@superrito.com,,,,,
Taylah,Waylen,TaylahWaylen@dayrep.com,,,,,
Sara,Blyth,SaraBlyth@superrito.com,,,,,
Edward,Lade,EdwardLade@teleworm.us,,,,,
Nicholas,Tuckson,NicholasTuckson@einrot.com,,,,,
Indiana,Betche,IndianaBetche@armyspy.com,,,,,
Angelina,Allison,AngelinaAllison@jourrapide.com,,,,,
Owen,Beamont,OwenBeamont@superrito.com,,,,,
Declan,Dawson,DeclanDawson@cuvox.de,,,,,
Stella,Knaggs,StellaKnaggs@teleworm.us,,,,,
Tahlia,Crowder,TahliaCrowder@einrot.com,,,,,
Lilly,Maclean,LillyMaclean@jourrapide.com,,,,,
Madeline,Martin,MadelineMartin@gustr.com,,,,,
Isabel,Strele,IsabelStrele@dayrep.com,,,,,
Poppy,Dacre,PoppyDacre@cuvox.de,,,,,
Lilly,Wray,LillyWray@superrito.com,,,,,
Emily,Paschke,EmilyPaschke@jourrapide.com,,,,,
Brayden,Ferres,BraydenFerres@dayrep.com,,,,,
Blake,Oakes,BlakeOakes@superrito.com,,,,,
Dakota,Florey,DakotaFlorey@fleckens.hu,,,,,
Caleb,Cowen,CalebCowen@gustr.com,,,,,
Taj,Gagai,TajGagai@dayrep.com,,,,,
Hunter,Stoneman,HunterStoneman@teleworm.us,,,,,
Mason,Rule,MasonRule@cuvox.de,,,,,
Charlie,Dangar,CharlieDangar@armyspy.com,,,,,
Austin,Howey,AustinHowey@cuvox.de,,,,,
Rachel,Ellwood,RachelEllwood@einrot.com,,,,,
Lara,Edmond,LaraEdmond@fleckens.hu,,,,,
Nathan,Mauldon,NathanMauldon@dayrep.com,,,,,
Samuel,Dry,SamuelDry@jourrapide.com,,,,,
Lilly,Gregory,LillyGregory@teleworm.us,,,,,
Ashton,Coote,AshtonCoote@fleckens.hu,,,,,
Blake,Whinham,BlakeWhinham@dayrep.com,,,,,
Oscar,Sodeman,OscarSodeman@teleworm.us,,,,,
Zara,Lindon,ZaraLindon@dayrep.com,,,,,
Amy,Earl,AmyEarl@fleckens.hu,,,,,
Hunter,Allcot,HunterAllcot@teleworm.us,,,,,
Jackson,Laby,JacksonLaby@jourrapide.com,,,,,
Elijah,Bjelke-Petersen,ElijahBjelke-Petersen@einrot.com,,,,,
Isabel,Cambage,IsabelCambage@jourrapide.com,,,,,
Taylah,De Neeve,TaylahDeNeeve@jourrapide.com,,,,,
Nate,Moffat,NateMoffat@dayrep.com,,,,,
Declan,Oala-Rarua,DeclanOala-Rarua@jourrapide.com,,,,,
Claudia,Rowley,ClaudiaRowley@jourrapide.com,,,,,
Henry,Judkins,HenryJudkins@dayrep.com,,,,,
Maddison,Glassop,MaddisonGlassop@cuvox.de,,,,,
Emily,Baccarini,EmilyBaccarini@dayrep.com,,,,,
Taylah,Gooch,TaylahGooch@fleckens.hu,,,,,
Max,Wawn,MaxWawn@jourrapide.com,,,,,
Holly,Skipper,HollySkipper@cuvox.de,,,,,
Liam,Holman,LiamHolman@teleworm.us,,,,,
Will,Borthwick,WillBorthwick@gustr.com,,,,,
Jesse,Conrad,JesseConrad@fleckens.hu,,,,,
Archie,Adermann,ArchieAdermann@superrito.com,,,,,
Alice,Danglow,AliceDanglow@armyspy.com,,,,,
Milla,Tucker,MillaTucker@fleckens.hu,,,,,
Joseph,Gellibrand,JosephGellibrand@dayrep.com,,,,,
Will,Cottee,WillCottee@rhyta.com,,,,,
Lola,Hoy,LolaHoy@teleworm.us,,,,,
Makayla,Cotter,MakaylaCotter@superrito.com,,,,,
Kayla,Childe,KaylaChilde@dayrep.com,,,,,
Nate,Cleland,NateCleland@fleckens.hu,,,,,
Rachel,Baillieu,RachelBaillieu@superrito.com,,,,,
Zara,Leworthy,ZaraLeworthy@fleckens.hu,,,,,
Samuel,Gotch,SamuelGotch@jourrapide.com,,,,,
Stephanie,Wynne,StephanieWynne@jourrapide.com,,,,,
Kayla,Curry,KaylaCurry@fleckens.hu,,,,,
Ebony,Gatehouse,EbonyGatehouse@jourrapide.com,,,,,
Jorja,Nicholls,JorjaNicholls@fleckens.hu,,,,,
Ali,Liversidge,AliLiversidge@superrito.com,,,,,
James,Robert,JamesRobert@fleckens.hu,,,,,
Lilian,Caley,LilianCaley@fleckens.hu,,,,,
Justin,Dobie,JustinDobie@superrito.com,,,,,
Makayla,O'Hea,MakaylaOHea@superrito.com,,,,,
Alica,Maddocks,AlicaMaddocks@cuvox.de,,,,,
Harry,Levi,HarryLevi@teleworm.us,,,,,
Hamish,Jenner,HamishJenner@superrito.com,,,,,
Audrey,Gargett,AudreyGargett@fleckens.hu,,,,,
Joshua,Lording,JoshuaLording@dayrep.com,,,,,
Jorja,Flack,JorjaFlack@armyspy.com,,,,,
Cooper,Somers,CooperSomers@teleworm.us,,,,,
Lara,Argyle,LaraArgyle@jourrapide.com,,,,,
Julian,Dickson,JulianDickson@rhyta.com,,,,,
Alexandra,Murnin,AlexandraMurnin@einrot.com,,,,,
Sam,Mitchell,SamMitchell@cuvox.de,,,,,
Ebony,Venables,EbonyVenables@fleckens.hu,,,,,
Ethan,East,EthanEast@rhyta.com,,,,,
Matthew,Walch,MatthewWalch@einrot.com,,,,,
Lilian,Scantlebury,LilianScantlebury@rhyta.com,,,,,
Christopher,Linger,ChristopherLinger@jourrapide.com,,,,,
Tyler,Brahe,TylerBrahe@armyspy.com,,,,,
Hayley,Grandi,HayleyGrandi@einrot.com,,,,,
Taylah,Docker,TaylahDocker@gustr.com,,,,,
Ethan,Cookson,EthanCookson@superrito.com,,,,,
Jai,Tubb,JaiTubb@dayrep.com,,,,,
Cameron,Todd,CameronTodd@superrito.com,,,,,
Hamish,Philip,HamishPhilip@teleworm.us,,,,,
Mackenzie,Waterhouse,MackenzieWaterhouse@armyspy.com,,,,,
Amelie,Poate,AmeliePoate@jourrapide.com,,,,,
Jasper,Alexander,JasperAlexander@armyspy.com,,,,,
Isabelle,Phillips,IsabellePhillips@cuvox.de,,,,,
Gabriella,Rodgers,GabriellaRodgers@einrot.com,,,,,
Makayla,Tate,MakaylaTate@armyspy.com,,,,,
Jamie,Ruthven,JamieRuthven@gustr.com,,,,,
James,Quinn,JamesQuinn@teleworm.us,,,,,
Noah,Galvin,NoahGalvin@armyspy.com,,,,,
Gabriel,Gowing,GabrielGowing@dayrep.com,,,,,
Michael,Lithgow,MichaelLithgow@gustr.com,,,,,
Max,Thatcher,MaxThatcher@dayrep.com,,,,,
Flynn,Willshire,FlynnWillshire@armyspy.com,,,,,
Bianca,Merion,BiancaMerion@einrot.com,,,,,
Amber,Takasuka,AmberTakasuka@superrito.com,,,,,
Abigail,Chinner,AbigailChinner@cuvox.de,,,,,
Jaxon,Merion,JaxonMerion@rhyta.com,,,,,
Elizabeth,Rodius,ElizabethRodius@rhyta.com,,,,,
Indiana,Bevan,IndianaBevan@teleworm.us,,,,,
Poppy,Grimley,PoppyGrimley@superrito.com,,,,,
Paige,Hopman,PaigeHopman@fleckens.hu,,,,,
Kayla,Hanran,KaylaHanran@armyspy.com,,,,,
Eve,Wakehurst,EveWakehurst@superrito.com,,,,,
Eden,Dexter,EdenDexter@fleckens.hu,,,,,
Rose,Foy,RoseFoy@superrito.com,,,,,
Mackenzie,Angas,MackenzieAngas@cuvox.de,,,,,
Joel,Moffatt,JoelMoffatt@fleckens.hu,,,,,
Zane,Murphy,ZaneMurphy@gustr.com,,,,,
Flynn,Crews,FlynnCrews@superrito.com,,,,,
Jorja,Heyer,JorjaHeyer@armyspy.com,,,,,
Elijah,Buxton,ElijahBuxton@superrito.com,,,,,
Stella,Fullarton,StellaFullarton@teleworm.us,,,,,
Sara,Long,SaraLong@gustr.com,,,,,
Justin,Pittard,JustinPittard@jourrapide.com,,,,,
Hamish,Oatley,HamishOatley@rhyta.com,,,,,
Paige,Peterson,PaigePeterson@rhyta.com,,,,,
Ashley,Haugh,AshleyHaugh@fleckens.hu,,,,,
Christian,Vassilieff,ChristianVassilieff@gustr.com,,,,,
Tristan,Hughes-Jones,TristanHughes-Jones@teleworm.us,,,,,
Jasper,Soares,JasperSoares@rhyta.com,,,,,
Jackson,Ramsbotham,JacksonRamsbotham@gustr.com,,,,,
Ryder,Marina,RyderMarina@jourrapide.com,,,,,
Mikayla,Treasure,MikaylaTreasure@einrot.com,,,,,
Ethan,Joyce,EthanJoyce@fleckens.hu,,,,,
Ellie,Kenyon,EllieKenyon@superrito.com,,,,,
Natalie,Collier,NatalieCollier@dayrep.com,,,,,
Alannah,Raff,AlannahRaff@einrot.com,,,,,
Madeline,Chomley,MadelineChomley@dayrep.com,,,,,
Declan,Israel,DeclanIsrael@cuvox.de,,,,,
Taylah,Bice,TaylahBice@einrot.com,,,,,
Makayla,Landseer,MakaylaLandseer@teleworm.us,,,,,
Eliza,Beale,ElizaBeale@teleworm.us,,,,,
Eva,Ennor,EvaEnnor@jourrapide.com,,,,,
Cooper,Louise,CooperLouise@cuvox.de,,,,,
Joshua,Dunhill,JoshuaDunhill@teleworm.us,,,,,
Natasha,Cropper,NatashaCropper@einrot.com,,,,,
Aiden,Owens,AidenOwens@rhyta.com,,,,,
Sebastian,Duckworth,SebastianDuckworth@superrito.com,,,,,
Sebastian,O'Shaughnessy,SebastianOShaughnessy@fleckens.hu,,,,,
Mason,Dunlop,MasonDunlop@teleworm.us,,,,,
Mackenzie,Virtue,MackenzieVirtue@teleworm.us,,,,,
Mitchell,Dalgarno,MitchellDalgarno@rhyta.com,,,,,
Sophia,Wilmot,SophiaWilmot@jourrapide.com,,,,,
Phoebe,Wreford,PhoebeWreford@fleckens.hu,,,,,
Sebastian,Molesworth,SebastianMolesworth@gustr.com,,,,,
Maddison,Wilkinson,MaddisonWilkinson@superrito.com,,,,,
William,Dallas,WilliamDallas@jourrapide.com,,,,,
Sara,McBeath,SaraMcBeath@armyspy.com,,,,,
Joseph,Mulgrave,JosephMulgrave@teleworm.us,,,,,
Zara,Beal,ZaraBeal@fleckens.hu,,,,,
Elijah,Cashin,ElijahCashin@armyspy.com,,,,,
Eve,Lindon,EveLindon@gustr.com,,,,,
Gabrielle,Embry,GabrielleEmbry@rhyta.com,,,,,
Sophie,Henderson,SophieHenderson@armyspy.com,,,,,
Alexander,Whitley,AlexanderWhitley@gustr.com,,,,,
Lincoln,Sheridan,LincolnSheridan@fleckens.hu,,,,,
Brooke,Counsel,BrookeCounsel@gustr.com,,,,,
Marcus,Longstaff,MarcusLongstaff@dayrep.com,,,,,
Ella,Edwards,EllaEdwards@einrot.com,,,,,
Jett,Nash,JettNash@einrot.com,,,,,
Mason,McKellar,MasonMcKellar@gustr.com,,,,,
Isabella,Heading,IsabellaHeading@cuvox.de,,,,,
Erin,Hardman,ErinHardman@fleckens.hu,,,,,